first_name,middle_name,last_name,dob,email,age,address
Pammi,Renell,Ticic,1979-08-02,rticic3@php.net,43.0," 78266 Lien Road, Reading, PA, 19610"
Conn,Tybalt,Sprasen,1966-04-14,tsprasen4@dagondesign.com,56.0," 4392 Duke Place, Spokane, WA, 99215"
Candide,Delmore,Tilliard,1975-02-15,dtilliard9@google.it,48.0," 037 Victoria Parkway, Boston, MA, 22030"
Yovonnda,Edward,Maddrah,1965-10-07,emaddraha@prnewswire.com,57.0," 7 Nova Drive, Newark, NJ, 71120"
Tait,Tull,Gullis,1976-02-27,tgullisc@phoca.cz,47.0," 43 Maple Wood Junction, Atlanta, GA, 30301"
Aymer,Hunfredo,McCreery,1966-11-20,hmccreeryf@umn.edu,56.0," 8 Artisan Drive, Phoenix, AZ, 85083"
Ariana,Mair,Comiam,1970-11-16,mcomiamn@diigo.com,52.0," 7 Hoard Circle, Atlanta, GA, 31119"
Mirabelle,Davidson,Bonney,1972-05-31,dbonneyr@uol.com.br,50.0," 24 Sherman Place, Birmingham, AL, 35244"
Zola,Livvie,Pogson,1980-02-10,lpogsonu@ucoz.com,43.0," 536 Petterle Park, Los Angeles, CA, 90065"
Parnell,Isa,Dicks,1968-04-11,idicksz@thetimes.co.uk,54.0," 17 Holmberg Way, Tucson, AZ, 85705"
Tammie,Davie,Foucar,1970-11-24,dfoucar1b@spotify.com,52.0," 5864 Artisan Road, Saint Augustine, FL, 32092"
Ambros,Victoria,Whitesel,1968-01-18,vwhitesel1c@joomla.org,55.0," 62332 Kropf Avenue, Saint Louis, MO, 63126"
Travers,Myra,Reckhouse,1975-09-02,mreckhouse1p@dion.ne.jp,47.0," 53 Meadow Valley Alley, San Diego, CA, 92196"
Dorri,Norene,Gerant,1967-10-01,ngerant1r@bloomberg.com,55.0," 9 Fieldstone Street, Sioux Falls, SD, 57198"
Dniren,Merrily,Winkless,1981-02-06,mwinkless1s@narod.ru,42.0," 92453 Chinook Center, Harrisburg, PA, 17110"
Jamal,Celina,Scuse,1965-09-23,cscuse1u@163.com,57.0," 7012 Oakridge Avenue, Evansville, IN, 47737"
Micky,Katie,Fayerman,1975-10-01,kfayerman1y@auda.org.au,47.0," 6 Michigan Terrace, Bakersfield, CA, 93305"
Franchot,Kerk,Oldis,1965-08-08,koldis20@aboutads.info,57.0," 1 Summer Ridge Circle, Conroe, TX, 77305"
Alexandr,Rogers,Izhaky,1980-08-20,rizhaky21@ifeng.com,42.0," 120 Mandrake Pass, Stockton, CA, 95298"
Saraann,Tabitha,Benettelli,1978-09-10,tbenettelli25@ameblo.jp,44.0," 4 Harbort Lane, New Brunswick, NJ, 89220"
Torrie,Hyacinthia,Sandifer,1977-04-21,hsandifer27@princeton.edu,45.0," 638 Crescent Oaks Park, Brooksville, FL, 34605"
Rae,Bastian,Crossgrove,1977-10-14,bcrossgrove28@icio.us,45.0," 1 Kropf Center, Fresno, CA, 93740"
Pepita,Clarabelle,Hallgate,1967-01-25,challgate2k@cbsnews.com,56.0," 0910 Dorton Pass, Abilene, TX, 79699"
Allayne,Randie,Czajkowska,1979-06-26,rczajkowska2q@comsenz.com,43.0," 0080 Shopko Drive, Virginia Beach, VA, 23454"
Perkin,Shirl,Terrelly,1967-12-20,sterrelly2r@ucoz.com,55.0," 2 Becker Circle, Houston, TX, 77228"
Morie,Burnard,Ruter,1966-04-29,bruter2u@cyberchimps.com,56.0," 41832 Stephen Trail, Garden Grove, CA, 92844"
Cecily,Coretta,Voller,1982-04-09,cvoller2w@howstuffworks.com,40.0," 2754 Dawn Trail, Cincinnati, OH, 45238"
Harp,Ferdy,Peeke,1977-10-21,fpeeke2x@mysql.com,45.0," 730 Summer Ridge Road, Houston, TX, 77055"
Hedvig,Ronda,Troyes,1964-11-03,rtroyes34@nationalgeographic.com,58.0," 5 Ridge Oak Lane, Boston, MA, 22980"
Cherin,Priscilla,Penk,1972-03-02,ppenk35@guardian.co.uk,51.0," 6 Pine View Center, Phoenix, AZ, 85053"
Tynan,Quent,Jockle,1979-03-31,qjockle39@disqus.com,43.0," 845 Rockefeller Street, Atlanta, GA, 31165"
Ileane,Jaquith,Videan,1966-06-11,jvidean3d@studiopress.com,56.0," 9344 Birchwood Hill, Cincinnati, OH, 45296"
Terrence,Hollis,Nowell,1982-12-06,hnowell3e@seattletimes.com,40.0," 495 Elka Parkway, Boston, MA, 21240"
Jorie,Mathias,Cutford,1979-05-22,mcutford3g@netlog.com,43.0," 9035 Independence Trail, Midland, TX, 79705"
Gilli,Stefano,Rayworth,1983-01-14,srayworth3i@biglobe.ne.jp,40.0," 9021 Grim Trail, Denver, CO, 80299"
Dulcia,Thane,Du Plantier,1965-03-17,tduplantier3n@nps.gov,58.0," 17556 Mallard Trail, Winston Salem, NC, 27110"
Mahalia,Serene,Habble,1966-04-27,shabble3t@newyorker.com,56.0," 99 Dunning Center, Charleston, WV, 25336"
Gabriell,Perla,Bowes,1978-10-13,pbowes3v@loc.gov,44.0," 0475 Crowley Hill, Colorado Springs, CO, 80951"
Eli,Torr,Wadelin,1964-10-02,twadelin3w@nasa.gov,58.0," 7 Carioca Parkway, Corpus Christi, TX, 78470"
Frankie,Donaugh,Presidey,1967-03-09,dpresidey3y@dropbox.com,56.0," 6 Pine View Pass, Washington, DC, 20442"
Avrit,Dorothee,Gagan,1977-05-14,dgagan42@dedecms.com,45.0," 166 Granby Park, Tucson, AZ, 85748"
Myrle,Thornie,Lowndsbrough,1981-04-23,tlowndsbrough43@engadget.com,41.0," 30631 Derek Park, Indianapolis, IN, 46254"
Derk,Sigismundo,Palfery,1963-07-14,spalfery46@timesonline.co.uk,59.0," 73839 Farwell Circle, El Paso, TX, 79989"
Lissy,Ardra,Leving,1977-09-29,aleving48@mail.ru,45.0," 18 Tennyson Circle, Salt Lake City, UT, 84105"
Lucretia,Bram,Kneafsey,1977-07-21,bkneafsey4b@yelp.com,45.0," 45253 Oak Valley Place, San Francisco, CA, 94137"
Shandeigh,Emery,Saggs,1972-10-28,esaggs4c@blinklist.com,50.0," 33109 Riverside Way, Shreveport, LA, 71166"
Dino,Klemens,Sides,1967-05-01,ksides4e@qq.com,55.0," 036 Arapahoe Court, Lake Charles, LA, 70607"
Pat,Lorraine,Burnitt,1974-09-12,lburnitt4h@domainmarket.com,48.0," 7 Messerschmidt Terrace, White Plains, NY, 10606"
Tiff,Ranee,Fleming,1963-04-15,rfleming4o@newsvine.com,59.0," 959 Michigan Point, Young America, MN, 55564"
Shantee,Blondy,Northgraves,1965-04-13,bnorthgraves4r@omniture.com,57.0," 607 Amoth Terrace, New Orleans, LA, 70129"
Margi,Kassia,Brunker,1966-10-07,kbrunker4s@wordpress.com,56.0," 864 Onsgard Trail, Washington, DC, 20557"
Feliks,Wat,Rivelon,1964-01-18,wrivelon4u@adobe.com,59.0," 712 David Pass, Evansville, IN, 47732"
Chaunce,Ingra,Kimbrey,1971-09-01,ikimbrey4x@ibm.com,51.0," 56905 Almo Crossing, Montgomery, AL, 36134"
Seward,Don,Wasiel,1981-05-12,dwasiel52@fc2.com,41.0," 8 Dixon Lane, Anchorage, AK, 99512"
Rosemary,Ewan,Donovin,1974-03-24,edonovin53@purevolume.com,48.0," 7328 Southridge Way, Madison, WI, 53716"
Calv,Andree,Samsworth,1982-11-18,asamsworth54@europa.eu,40.0," 63989 Mosinee Avenue, Johnson City, TN, 37605"
Henri,Regen,Kristoffersen,1968-06-09,rkristoffersen5p@independent.co.uk,54.0," 27 Bartelt Drive, Evansville, IN, 47732"
Peder,Ginny,Rourke,1978-08-06,grourke5q@about.com,44.0," 852 Tony Point, Rockford, IL, 61105"
Novelia,Rubia,LeEstut,1974-11-01,rleestut5s@spotify.com,48.0," 94597 Union Parkway, Orlando, FL, 32868"
Cherice,Kimberly,Strover,1972-12-10,kstrover5v@state.tx.us,50.0," 7 Iowa Circle, Milwaukee, WI, 53215"
Shoshanna,Carolynn,Garlett,1977-05-31,cgarlett62@irs.gov,45.0," 45 Bayside Parkway, Henderson, NV, 89074"
Karlan,Raine,Thiolier,1976-06-12,rthiolier63@free.fr,46.0," 1 Nobel Terrace, Stockton, CA, 95298"
Haley,Padgett,Hamsher,1965-07-07,phamsher65@ameblo.jp,57.0," 9255 Glendale Point, Hot Springs National Park, AR, 71914"
Marlo,Maximilien,Smellie,1965-10-18,msmellie6b@ca.gov,57.0," 26114 Crownhardt Point, Baltimore, MD, 21275"
Nickey,Hope,Tisun,1963-10-29,htisun6f@un.org,59.0," 72800 Moose Circle, Washington, DC, 20010"
Ker,Ahmad,Hancke,1978-10-03,ahancke6g@themeforest.net,44.0," 30 Bowman Junction, Toledo, OH, 43635"
Emelita,Arie,Tyndall,1973-09-17,atyndall6n@nhs.uk,49.0," 8 Clarendon Avenue, Atlanta, GA, 30386"
Pennie,Enos,Zorzini,1966-03-06,ezorzini6o@eventbrite.com,57.0," 03393 Lyons Hill, Brooklyn, NY, 11210"
Elton,Thedrick,Ginner,1973-11-24,tginner6v@unblog.fr,49.0," 8 Harbort Crossing, Tampa, FL, 33673"
Aubry,Dolli,McEvon,1982-02-27,dmcevon7b@fotki.com,41.0," 9 Lighthouse Bay Road, Reno, NV, 89595"
Aksel,Nolan,Jennaway,1971-03-04,njennaway7l@com.com,52.0," 5870 Dexter Plaza, Huntington, WV, 25726"
Ursula,Raoul,Plunket,1968-01-15,rplunket7s@bandcamp.com,55.0," 6188 2nd Alley, Roanoke, VA, 24040"
Nerita,Yoshi,Klass,1979-05-20,yklass7y@sakura.ne.jp,43.0," 281 Lindbergh Circle, Fayetteville, NC, 28305"
Tessa,Arnold,Tooth,1976-05-04,atooth7z@alibaba.com,46.0," 21036 Ronald Regan Parkway, Columbus, OH, 43204"
Nadiya,Inger,Ludee,1978-08-15,iludee80@tuttocitta.it,44.0," 7 Schmedeman Trail, Jackson, TN, 38308"
Candice,Tybalt,Saddleton,1974-04-04,tsaddleton81@guardian.co.uk,48.0," 12362 Claremont Terrace, Saint Louis, MO, 63126"
Almeria,Maybelle,Dunnaway,1973-02-06,mdunnaway85@w3.org,50.0," 0 Pine View Circle, Odessa, TX, 79769"
Tresa,Elena,Spitaro,1969-01-24,espitaro87@eventbrite.com,54.0," 4 Heath Junction, Waltham, MA, 24530"
Ellswerth,Christalle,Christoffels,1964-11-05,cchristoffels8a@mapy.cz,58.0," 6449 Harper Crossing, Decatur, GA, 30033"
Dulcie,Jessi,Recke,1963-04-15,jrecke8l@bigcartel.com,59.0," 40 Hoard Drive, Pittsburgh, PA, 15274"
Jolie,Rosa,Zienkiewicz,1974-07-29,rzienkiewicz8m@list-manage.com,48.0," 86653 Springs Point, Odessa, TX, 79764"
Land,Silvio,Rennison,1963-03-02,srennison8p@google.com,60.0," 31 Mendota Hill, Phoenix, AZ, 85072"
Sterling,Dedra,Rizzello,1971-04-01,drizzello8t@berkeley.edu,51.0," 63295 Mallory Trail, Fresno, CA, 93709"
Dugald,Abran,Petry,1962-07-19,apetry8v@163.com,60.0," 774 Shelley Center, South Lake Tahoe, CA, 96154"
Lem,Shayla,Murie,1969-07-03,smurie8y@dagondesign.com,53.0," 7901 Sunbrook Park, New York City, NY, 10079"
Roselin,Keriann,Durrad,1978-12-06,kdurrad91@bing.com,44.0," 8 Bluestem Terrace, Fort Lauderdale, FL, 33320"
Fayette,Jocko,Luigi,1977-12-23,jluigi93@indiegogo.com,45.0," 82 Aberg Street, Kent, WA, 98042"
Franciskus,Lani,Clemendot,1974-08-02,lclemendot9l@army.mil,48.0," 8211 Tennessee Circle, Seattle, WA, 98166"
Steward,Larisa,Pentland,1975-08-13,lpentland9p@ucsd.edu,47.0," 7 Continental Alley, Muncie, IN, 47306"
Siobhan,George,Peaurt,1978-05-29,gpeaurt9q@live.com,44.0," 1 Clarendon Terrace, New Brunswick, NJ, 89220"
Riannon,Wilfred,Spinozzi,1976-12-24,wspinozzi9r@scientificamerican.com,46.0," 70895 Prairie Rose Court, Fort Collins, CO, 80525"
Dulcie,Daphene,Saura,1978-01-21,dsaura9y@sciencedaily.com,45.0," 1998 Cody Hill, Denver, CO, 80270"
Laraine,Welsh,Filinkov,1964-01-03,wfilinkova3@wufoo.com,59.0," 239 Golden Leaf Point, Orlando, FL, 32819"
Myca,Claretta,Menendes,1963-07-12,cmenendesa4@livejournal.com,59.0," 71 Porter Avenue, New Orleans, LA, 70183"
Ker,Nelie,Doone,1964-05-15,ndoonea7@edublogs.org,58.0," 6 Hauk Crossing, Charleston, WV, 25326"
Mace,Laurianne,Siburn,1974-02-25,lsiburna9@facebook.com,49.0," 0 Sherman Circle, Kansas City, MO, 64187"
Corrianne,Madelon,Lakeland,1962-06-11,mlakelandai@bloglines.com,60.0," 0849 Sundown Alley, Topeka, KS, 66642"
Binni,Sonia,Gatrell,1971-06-22,sgatrellaj@hc360.com,51.0," 79 Dwight Point, Sacramento, CA, 95838"
James,Clare,Dibley,1973-04-15,cdibleyas@privacy.gov.au,49.0," 83040 Becker Pass, Orlando, FL, 32854"
Lindsay,Terri,Rowthorn,1965-10-16,trowthornat@hatena.ne.jp,57.0," 3197 Quincy Court, Oklahoma City, OK, 73179"
Gun,Meggy,von Grollmann,1962-08-18,mvongrollmannax@google.cn,60.0," 684 Lukken Court, Newark, NJ, 71880"
Fredek,Ritchie,Goatcher,1979-05-06,rgoatcheraz@home.pl,43.0," 913 Raven Parkway, Port Charlotte, FL, 33954"
Janey,Riva,Hazeltine,1964-12-13,rhazeltineb4@blinklist.com,58.0," 50467 Homewood Crossing, Lynchburg, VA, 24515"
Lela,Duky,Burgisi,1981-03-14,dburgisib6@cargocollective.com,42.0," 931 Lukken Crossing, Chicago, IL, 60663"
Catina,Allina,Lowery,1973-05-25,aloweryb9@trellian.com,49.0," 0164 Mariners Cove Street, Dallas, TX, 75260"
Reena,Deborah,Pass,1967-01-21,dpassbb@elpais.com,56.0," 7 Sunfield Circle, Roanoke, VA, 24020"
Nikkie,Billi,Paroni,1963-09-26,bparonibh@nsw.gov.au,59.0," 00252 Straubel Center, Saint Louis, MO, 63169"
Freedman,Ricki,Pendrid,1981-06-17,rpendridbi@jigsy.com,41.0," 2707 Schurz Drive, Houston, TX, 77240"
Genna,Christiane,Halfacree,1962-04-02,chalfacreebl@slideshare.net,60.0," 171 Northview Junction, Washington, DC, 20220"
Emory,Chicky,Elijahu,1975-04-29,celijahubp@ox.ac.uk,47.0," 2020 Buell Court, Terre Haute, IN, 47812"
Humberto,Brear,Danilowicz,1966-03-01,bdanilowiczbt@discuz.net,57.0," 02809 Farragut Parkway, Durham, NC, 27705"
Analise,Lia,Towers,1974-08-07,ltowersby@newyorker.com,48.0," 615 Ramsey Hill, Houston, TX, 77240"
Kingston,Garwin,Alleburton,1975-12-10,galleburtonc5@myspace.com,47.0," 4806 Di Loreto Center, Grand Rapids, MI, 49505"
Ellie,Giselle,Palin,1973-05-10,gpalinc6@multiply.com,49.0," 13154 Menomonie Alley, Flint, MI, 48550"
Lucine,North,Keson,1968-01-16,nkesonc7@weebly.com,55.0," 740 Cottonwood Crossing, Fort Smith, AR, 72916"
Melanie,Bette,Helling,1973-04-30,bhellingca@mapy.cz,49.0," 7 Anthes Street, Columbus, OH, 43284"
Celestyn,Harp,Casini,1965-10-07,hcasinicd@wired.com,57.0," 78771 Gina Drive, Cumming, GA, 30130"
Lethia,Vally,Asson,1980-06-28,vassoncf@gravatar.com,42.0," 671 Kennedy Crossing, Garland, TX, 75049"
Tracy,Novelia,Stitson,1972-01-26,nstitsonch@slideshare.net,51.0," 4 Truax Center, Omaha, NE, 68105"
Lorine,Sal,Gutridge,1975-10-13,sgutridgecm@free.fr,47.0," 53 Darwin Street, Cincinnati, OH, 45271"
Mylo,Bear,Vahey,1973-09-04,bvaheycn@tmall.com,49.0," 3 Coleman Place, Oklahoma City, OK, 73109"
Mara,Gus,Monday,1967-03-11,gmondayco@nydailynews.com,56.0," 3 Merry Drive, Detroit, MI, 48224"
Bellina,Kirbee,Raubenheimer,1979-01-16,kraubenheimercv@de.vu,44.0," 8 Buena Vista Hill, Charleston, WV, 25331"
Ashlie,Arnuad,Jedrzejewski,1981-06-01,ajedrzejewskicy@state.gov,41.0," 94 Walton Way, Pittsburgh, PA, 15215"
Wendel,Emmott,Astell,1970-10-09,eastelld3@sciencedaily.com,52.0," 4 Ridge Oak Court, Farmington, MI, 48335"
Verne,Godard,Greenwell,1976-09-14,ggreenwelldg@ucoz.ru,46.0," 11 Butterfield Court, Virginia Beach, VA, 23459"
Tonie,Haskel,Galia,1964-11-29,hgaliadh@alexa.com,58.0," 91699 Ruskin Center, Lake Charles, LA, 70616"
Rosanna,Webster,Smardon,1963-02-09,wsmardondv@list-manage.com,60.0," 934 Mariners Cove Circle, Fort Smith, AR, 72916"
Floria,Lezlie,Elnor,1972-01-17,lelnordz@biglobe.ne.jp,51.0," 058 Forest Run Street, Jamaica, NY, 11436"
Dolli,Keelby,Oag,1978-06-03,koage1@bloomberg.com,44.0," 0717 5th Trail, Erie, PA, 16534"
Jase,Fernando,O'Dowd,1969-04-29,fodowde3@smugmug.com,53.0," 4 Pearson Way, El Paso, TX, 79977"
Aurea,Ogdon,Sharland,1980-09-29,osharlandea@ca.gov,42.0," 0968 Spaight Point, Kansas City, MO, 64125"
Randolph,Belva,Sandys,1978-05-09,bsandysei@1688.com,44.0," 264 Oneill Point, Shawnee Mission, KS, 66276"
Mikey,Sheppard,Moline,1979-07-06,smolineem@squarespace.com,43.0," 7 Amoth Court, Fort Lauderdale, FL, 33320"
Jameson,Kirby,Itzkovitch,1981-03-29,kitzkovitcheu@mtv.com,41.0," 070 Swallow Junction, Akron, OH, 44321"
Karolina,Jonis,Jaher,1964-09-25,jjaherew@un.org,58.0," 06549 Hintze Lane, Naples, FL, 34114"
Bettye,Itch,Bidewel,1963-02-14,ibideweley@hhs.gov,60.0," 85 Independence Park, Green Bay, WI, 54313"
Chrissie,Zacherie,Olney,1977-09-01,zolneyez@naver.com,45.0," 6 Hanover Hill, Madison, WI, 53785"
Garner,Sherlock,Margetson,1966-07-03,smargetsonf1@squidoo.com,56.0," 9 Esker Street, San Antonio, TX, 78296"
Margo,Giacopo,Christopherson,1975-10-05,gchristophersonf2@boston.com,47.0," 641 Blaine Hill, Washington, DC, 20425"
Renaud,Danny,Urquhart,1969-03-25,durquhartf3@craigslist.org,53.0," 69155 Dakota Terrace, Amarillo, TX, 79182"
Marrilee,Kerwinn,Scotchmoor,1972-03-14,kscotchmoorf5@istockphoto.com,51.0," 03 Wayridge Way, Detroit, MI, 48224"
Lanie,Melinde,Jedrzej,1971-03-20,mjedrzejf6@shareasale.com,52.0," 67 Sullivan Lane, Washington, DC, 20557"
Sacha,Adolpho,Vanichkin,1970-03-06,avanichkinfa@archive.org,53.0," 1737 Pleasure Place, Phoenix, AZ, 85067"
Rozalie,Sibel,Nehls,1964-06-29,snehlsfc@amazon.com,58.0," 6 Norway Maple Lane, Reno, NV, 89595"
Modestine,Kaela,Cumbridge,1972-02-01,kcumbridgefe@wunderground.com,51.0," 74 1st Drive, Boston, MA, 21240"
Roth,Katherine,Cleife,1971-05-24,kcleifefi@google.com.br,51.0," 309 Sachs Court, Winston Salem, NC, 27116"
Rafa,Guthrey,Solloway,1963-05-31,gsollowayfn@webmd.com,59.0," 93302 Anhalt Point, Missoula, MT, 59806"
Mellie,Mercy,Lindores,1962-10-30,mlindoresfr@kickstarter.com,60.0," 471 Ruskin Lane, Riverside, CA, 92505"
Rayshell,Renaud,Coundley,1981-03-25,rcoundleyft@desdev.cn,41.0," 11 Main Hill, Raleigh, NC, 27615"
Ezri,Weber,Bremmell,1974-02-02,wbremmellfv@weather.com,49.0," 93 Hoepker Alley, Indianapolis, IN, 46295"
Janie,Sam,Tiron,1973-09-14,stironfy@vk.com,49.0," 7 Kim Plaza, Charlotte, NC, 28215"
Debby,Derrik,Hasell,1965-05-10,dhasellg2@myspace.com,57.0," 4 Muir Crossing, El Paso, TX, 88541"
Johan,Marilyn,Dunbar,1970-04-23,mdunbarg4@go.com,52.0," 14 Spohn Pass, Lexington, KY, 40576"
Jeanelle,Deloria,Pech,1980-08-22,dpechga@answers.com,42.0," 9134 Southridge Junction, Austin, TX, 78778"
Esra,Steve,Coldbathe,1964-07-16,scoldbathegi@usgs.gov,58.0," 29 Maple Wood Terrace, Miami, FL, 33164"
Raynell,Jesse,Lafee,1962-12-21,jlafeego@epa.gov,60.0," 476 Mendota Point, El Paso, TX, 88574"
Evelina,Noelyn,Sarginson,1978-04-15,nsarginsongx@nba.com,44.0," 018 Everett Avenue, Des Moines, IA, 50305"
Eachelle,Shadow,De Benedetti,1982-01-16,sdebenedettih0@elpais.com,41.0," 5340 Gina Terrace, Las Vegas, NV, 89105"
Hal,Laina,Crum,1969-06-21,lcrumh1@epa.gov,53.0," 4 Anhalt Plaza, Huntington, WV, 25775"
Brandon,Rosamond,Preddle,1974-07-17,rpreddleh2@cocolog-nifty.com,48.0," 14 Nancy Parkway, Rochester, NY, 14604"
Eddy,Page,Okker,1980-12-20,pokkerha@ocn.ne.jp,42.0," 2042 Jenna Terrace, Kansas City, MO, 64193"
Kathryne,Vivianne,Gaunson,1982-09-07,vgaunsonhb@vinaora.com,40.0," 2 Gale Way, Suffolk, VA, 23436"
Wrennie,Jeni,Worster,1973-12-04,jworsterhd@europa.eu,49.0," 94 Lakeland Road, Phoenix, AZ, 85045"
Camile,Vere,MacKenny,1964-04-14,vmackennyhe@biglobe.ne.jp,58.0," 6438 Mcguire Road, Pittsburgh, PA, 15261"
Lindsey,Arnaldo,Newgrosh,1968-05-07,anewgroshhi@t.co,54.0," 5654 Bluestem Avenue, New York City, NY, 10260"
Maybelle,Dolf,Beals,1962-12-23,dbealshk@nationalgeographic.com,60.0," 713 Northfield Hill, Lincoln, NE, 68531"
Nil,Sunny,Matussow,1967-03-25,smatussowhl@mysql.com,55.0," 382 Birchwood Center, Flushing, NY, 11388"
Joelynn,Winne,Torald,1965-04-06,wtoraldht@phoca.cz,57.0," 62154 Merchant Lane, Newton, MA, 24580"
Briggs,Lilllie,Leele,1975-11-14,lleelehx@tinyurl.com,47.0," 74081 Dawn Street, Philadelphia, PA, 19141"
Farra,Dee,Leggen,1978-02-25,dleggeni3@google.nl,45.0," 3 Homewood Circle, Albany, NY, 12222"
Ronni,Celestine,Parchment,1975-05-05,cparchmenti4@amazonaws.com,47.0," 773 Moulton Street, New York City, NY, 10029"
Tadio,Jayme,Bascombe,1972-03-28,jbascombeib@imgur.com,50.0," 2 Beilfuss Road, Troy, MI, 48098"
Adrian,Erick,Hoodlass,1977-12-27,ehoodlassii@nasa.gov,45.0," 59 Logan Hill, Sacramento, CA, 94245"
Brina,Arliene,Mendes,1977-06-16,amendesik@gnu.org,45.0," 68 Shopko Street, Fairbanks, AK, 99709"
Nerissa,Siward,Hancock,1968-08-12,shancockil@vinaora.com,54.0," 55 Paget Street, Chicago, IL, 60697"
Roda,Leland,Paull,1978-09-15,lpaullin@cornell.edu,44.0," 79092 Quincy Plaza, Minneapolis, MN, 55480"
Mortimer,Jeno,Roseborough,1980-05-21,jroseboroughip@microsoft.com,42.0," 22 Stang Terrace, Des Moines, IA, 50335"
Franni,Dun,Glaister,1965-07-28,dglaisterir@alexa.com,57.0," 3 American Junction, Cleveland, OH, 44130"
Hendrick,Laureen,Manby,1980-06-25,lmanbyit@nba.com,42.0," 1 Merchant Alley, Durham, NC, 27705"
Leah,Danna,Schellig,1973-11-03,dschelligiw@chicagotribune.com,49.0," 07 Talisman Court, Fargo, ND, 58122"
Shir,Jobye,Matussow,1980-09-12,jmatussowix@twitter.com,42.0," 6 Lighthouse Bay Way, Madison, WI, 53785"
Phedra,Natalee,Dominiak,1965-07-14,ndominiakj2@wikipedia.org,57.0," 3 Hollow Ridge Alley, Phoenix, AZ, 85030"
Gray,Radcliffe,Tresler,1969-12-26,rtreslerj3@reddit.com,53.0," 73774 Schlimgen Plaza, Miami, FL, 33142"
Lexis,Gar,Dumingos,1973-07-05,gdumingosjt@51.la,49.0," 8 Eagle Crest Drive, Tampa, FL, 33633"
Lyon,Rosie,Lankester,1978-11-04,rlankesterju@disqus.com,44.0," 98173 Morning Point, Erie, PA, 16505"
Ronny,Jany,Tamplin,1982-01-03,jtamplink7@parallels.com,41.0," 49566 Mitchell Trail, Saint Petersburg, FL, 33742"
Alejandra,Tracee,Ashwood,1981-10-14,tashwoodk9@example.com,41.0," 67712 Clove Trail, Columbus, OH, 43284"
Ellery,Robinia,Edlyn,1980-01-14,redlynka@netscape.com,43.0," 2 Portage Lane, Saint Paul, MN, 55172"
Kearney,Shara,Loncaster,1982-05-04,sloncasterkd@issuu.com,40.0," 603 Orin Alley, Indianapolis, IN, 46216"
Darla,Griswold,Mellhuish,1966-02-20,gmellhuishkf@uiuc.edu,57.0," 9145 Carey Alley, Carlsbad, CA, 92013"
Ricardo,Brewster,Bermingham,1974-04-15,bberminghamko@cargocollective.com,48.0," 41 Lawn Crossing, Valley Forge, PA, 19495"
Alf,Ella,Pawlyn,1978-08-26,epawlynkr@is.gd,44.0," 11 Forest Dale Circle, Monticello, MN, 55585"
Sasha,Alexio,Coopey,1971-07-31,acoopeykw@abc.net.au,51.0," 85 Bunting Trail, Arlington, TX, 76004"
Didi,Bronnie,Keppin,1982-10-13,bkeppinl0@amazonaws.com,40.0," 18933 Ronald Regan Park, Houston, TX, 77288"
Claire,Bram,Syde,1964-03-07,bsydel3@nifty.com,59.0," 39 Crescent Oaks Lane, Kansas City, KS, 66105"
Alexei,Gerianna,Ren,1968-08-19,grenl5@icio.us,54.0," 635 Rusk Junction, Sacramento, CA, 94291"
Husain,Herby,Gasnoll,1979-03-15,hgasnolll7@shinystat.com,44.0," 67994 Southridge Plaza, Saint Petersburg, FL, 33731"
Karol,Gertrude,Stitson,1968-11-01,gstitsonl9@springer.com,54.0," 201 Jay Hill, San Jose, CA, 95173"
Leeanne,Baron,Argente,1962-07-03,bargentela@pbs.org,60.0," 50515 Warrior Pass, Nashville, TN, 37215"
Muire,Bevon,Glazzard,1967-11-21,bglazzardlg@paginegialle.it,55.0," 89 Melby Park, Washington, DC, 20508"
Curry,Prudi,McPeake,1970-07-01,pmcpeakelh@nifty.com,52.0," 9199 Mifflin Court, Jefferson City, MO, 65105"
Adelaida,Ariel,Nieass,1977-01-05,anieassll@amazonaws.com,46.0," 64 Tony Hill, Atlanta, GA, 31119"
Nick,Chloette,Cashmore,1965-08-06,ccashmoreln@java.com,57.0," 03494 Jana Road, Paterson, NJ, 75440"
Genvieve,Meghann,Stepto,1977-10-26,msteptolo@elpais.com,45.0," 49 Sachs Point, Colorado Springs, CO, 80945"
Gloriana,Lilyan,Koppe,1982-12-02,lkoppelq@php.net,40.0," 13668 Old Gate Junction, Kansas City, KS, 66160"
Mirabel,Victoir,Stanlick,1982-08-25,vstanlicklt@harvard.edu,40.0," 7 Dennis Place, Birmingham, AL, 35254"
Harp,Dorene,Tome,1965-08-21,dtomelw@nih.gov,57.0," 101 Heath Pass, New Orleans, LA, 70179"
Millie,Odilia,Filde,1972-03-13,ofildely@phoca.cz,51.0," 3705 Dakota Place, Peoria, IL, 61656"
Yolanthe,Huntlee,Skirving,1972-05-18,hskirvingm1@ebay.co.uk,50.0," 50740 Del Mar Point, Harrisburg, PA, 17126"
Montgomery,Salmon,Feavearyear,1968-03-20,sfeavearyearma@alexa.com,54.0," 3665 Warner Park, Brooklyn, NY, 11210"
Connor,Debor,Edgerton,1976-02-01,dedgertonmb@princeton.edu,47.0," 435 Hansons Trail, Spokane, WA, 99215"
Alexia,Cathrin,Librey,1978-02-04,clibreymf@ask.com,45.0," 071 Carioca Lane, New York City, NY, 10009"
Bax,Zed,Rowney,1969-08-31,zrowneymg@gizmodo.com,53.0," 68965 Mendota Terrace, Dallas, TX, 75260"
Gerladina,Shermy,Lorimer,1962-10-18,slorimermi@goodreads.com,60.0," 6 Stoughton Lane, Youngstown, OH, 44505"
Emlyn,Timmi,Dauby,1967-06-02,tdaubymm@yahoo.co.jp,55.0," 56 Waywood Point, Madison, WI, 53779"
Mirabella,Sada,Mumbeson,1965-08-28,smumbesonmr@desdev.cn,57.0," 8888 Northwestern Point, Spartanburg, SC, 29319"
Aldrich,Agnes,Spirit,1971-07-15,aspiritmt@ebay.com,51.0," 4453 Morningstar Junction, Dallas, TX, 75221"
Alyss,Yvonne,Culpin,1980-12-22,yculpinmu@toplist.cz,42.0," 7 Jackson Drive, Mansfield, OH, 44905"
Xaviera,Jana,Pumphreys,1967-03-28,jpumphreysmx@discuz.net,55.0," 1 Banding Place, Greenville, SC, 29610"
Murdock,Janaye,Grishankov,1974-11-13,jgrishankovmz@51.la,48.0," 2939 Esch Center, Pensacola, FL, 32526"
Petronella,Zsa zsa,Mapledoore,1980-05-31,zmapledooren0@scribd.com,42.0," 7 Garrison Junction, Louisville, KY, 40298"
Atlanta,Isobel,Zimmer,1974-06-25,izimmern1@scribd.com,48.0," 0293 Everett Lane, Warren, OH, 44485"
Hewitt,Quentin,Dackombe,1978-09-26,qdackomben3@g.co,44.0," 5 Dapin Point, Fresno, CA, 93726"
Mina,Adrian,Walbrun,1972-06-29,awalbrunn6@is.gd,50.0," 025 Daystar Circle, Richmond, VA, 23208"
Ronda,Derward,Pendry,1973-01-11,dpendryn7@tiny.cc,50.0," 2812 Hovde Way, Fort Wayne, IN, 46857"
Olia,Leif,Armin,1976-05-27,larminn8@mapquest.com,46.0," 87 Mayfield Terrace, Baltimore, MD, 21216"
Kaye,Robin,Laroze,1976-04-11,rlarozene@techcrunch.com,46.0," 1760 Westridge Place, Amarillo, TX, 79171"
Marcus,Obie,Sheehan,1963-12-31,osheehannf@wufoo.com,59.0," 0648 Vermont Circle, Torrance, CA, 90510"
Perle,Trescha,Blague,1982-06-25,tblagueno@state.gov,40.0," 28 Schurz Park, New York City, NY, 10249"
Nathanil,Uri,Moran,1962-12-19,umorannq@istockphoto.com,60.0," 4719 5th Way, Portsmouth, NH, 38040"
Gwenora,Elke,Handrek,1966-09-24,ehandreknr@stumbleupon.com,56.0," 9287 Milwaukee Avenue, San Diego, CA, 92165"
Anna,Shaughn,Yeude,1976-06-03,syeudenu@ihg.com,46.0," 20092 Old Shore Circle, Minneapolis, MN, 55448"
Lily,Benita,Carus,1970-03-22,bcaruso0@bloglines.com,52.0," 3368 Redwing Drive, Athens, GA, 30605"
Lu,Wainwright,Swale,1979-02-12,wswaleo4@slashdot.org,44.0," 40557 Bellgrove Crossing, Brockton, MA, 23050"
Esra,Nananne,Tilt,1963-04-28,ntilto5@yale.edu,59.0," 7 Portage Plaza, Syracuse, NY, 13210"
Clayborn,Claribel,Van Halen,1965-07-25,cvanhalenof@google.ca,57.0," 1 Carioca Circle, New York City, NY, 10175"
Jamison,Marin,Morant,1968-10-19,mmorantog@tripod.com,54.0," 4 Alpine Place, Flushing, NY, 11388"
Daren,Padriac,Letixier,1974-01-31,pletixieroh@wufoo.com,49.0," 6760 Oxford Point, Shreveport, LA, 71151"
Aleta,Marietta,Downton,1981-11-14,mdowntonoj@chron.com,41.0," 752 Dorton Plaza, Fort Myers, FL, 33906"
Jeniffer,Zeb,Vince,1978-01-05,zvinceou@gravatar.com,45.0," 5605 Glacier Hill Lane, El Paso, TX, 88553"
Ester,Barney,Labden,1980-09-09,blabdenov@squarespace.com,42.0," 58 Fordem Park, Santa Fe, NM, 87592"
Leroy,Nissa,Fransoni,1972-08-27,nfransonioy@miibeian.gov.cn,50.0," 5 Schlimgen Point, Albany, NY, 12242"
Clio,Martie,Hatrick,1970-07-15,mhatrickp7@un.org,52.0," 09924 Calypso Trail, Stamford, CT, 69120"
Marci,Theressa,Kasparski,1979-09-13,tkasparskipd@google.nl,43.0," 8105 Manufacturers Way, Pensacola, FL, 32505"
Ella,Lilias,Fauguel,1966-04-08,lfauguelpf@yahoo.co.jp,56.0," 2492 Warbler Pass, Birmingham, AL, 35285"
Arch,Prince,Eastbury,1978-10-25,peastburypi@networkadvertising.org,44.0," 084 Spaight Pass, Shreveport, LA, 71151"
Selle,Aubry,Rothschild,1978-09-18,arothschildpk@boston.com,44.0," 370 Warner Crossing, Akron, OH, 44305"
Saul,Tracy,Brimley,1967-04-05,tbrimleypl@who.int,55.0," 65801 Novick Junction, Houston, TX, 77293"
Noel,Leona,Eyden,1976-10-16,leydenpt@weibo.com,46.0," 9600 Mandrake Court, Hartford, CT, 61520"
Jess,Barbabra,Haggar,1967-06-19,bhaggarpv@sakura.ne.jp,55.0," 58 Loomis Pass, Columbia, SC, 29225"
Nelli,Hailee,Bielby,1973-12-11,hbielbypw@apple.com,49.0," 5365 Hoard Lane, Lafayette, IN, 47905"
Rock,Minette,Spadotto,1981-05-26,mspadottopx@amazon.co.uk,41.0," 8453 Service Avenue, Lexington, KY, 40510"
Michele,Yasmin,Gerardin,1963-05-24,ygerardinq0@macromedia.com,59.0," 53967 Bowman Trail, Petaluma, CA, 94975"
Ajay,Shelagh,While,1978-08-17,swhileq5@goo.ne.jp,44.0," 8263 Anniversary Court, Sarasota, FL, 34276"
Florrie,John,Traice,1963-04-10,jtraiceq6@hugedomains.com,59.0," 4521 Norway Maple Hill, Madison, WI, 53710"
Reggi,Fernanda,Duce,1982-03-03,fduceq8@nature.com,41.0," 9 Myrtle Hill, Fort Worth, TX, 76121"
Harbert,Brien,Kynman,1968-06-07,bkynmanqi@csmonitor.com,54.0," 78 David Junction, Tucson, AZ, 85725"
Jakob,Jozef,Mair,1975-12-06,jmairqk@cbsnews.com,47.0," 68699 Schurz Circle, Worcester, MA, 16540"
Guillermo,Pansy,Trobey,1980-05-20,ptrobeyqp@admin.ch,42.0," 850 Thierer Park, San Francisco, CA, 94116"
Loreen,Kev,Haxby,1963-01-16,khaxbyqq@ted.com,60.0," 22135 Buhler Drive, Phoenix, AZ, 85062"
Pincas,Carlie,Goodyear,1964-06-18,cgoodyearqr@surveymonkey.com,58.0," 940 Magdeline Place, Newton, MA, 24580"
Neville,Giff,Gounet,1965-02-08,ggounetr3@twitter.com,58.0," 41 Atwood Road, Pasadena, CA, 91125"
Giacomo,Amberly,Pervew,1963-09-29,apervewr9@toplist.cz,59.0," 7 Prairieview Center, Phoenix, AZ, 85083"
Kevyn,Merv,Westmoreland,1983-01-30,mwestmorelandrd@canalblog.com,40.0," 19 Esch Alley, Young America, MN, 55564"
Steffie,Ettore,Batrop,1973-07-01,ebatropri@altervista.org,49.0," 44 Lighthouse Bay Plaza, Denver, CO, 80243"
Dredi,Clerissa,Ellerker,1966-07-05,cellerkerrp@who.int,56.0," 03933 Mendota Court, Minneapolis, MN, 55423"
Esteban,Rosemonde,Digg,1964-02-10,rdiggrr@hc360.com,59.0," 4 Golf Course Terrace, Dayton, OH, 45403"
